key,enValue,enValid,frValue,frValid
title,Climate data viewer,1,Visualiseur de données climatiques,1
lang.toggle,Français,1,English,1
description,"Use the data viewer tool to view climate data on the map below. Begin by choosing one of the available datasets. There is a detailed description of the selected dataset below the map. You can zoom to a specific geographic location or click on the data for additional information. You can specify datasets, variables and other options using the drop-down menus at the top of the map.",1,"Utilisez l'outil de visualisation de données pour afficher les données climatiques sur la carte ci-dessous. Commencez en choisissant un des ensembles de données disponibles. Une description détaillée de l'ensemble de données choisi est affichée sous la carte. Vous pouvez faire un zoom sur un endroit précis ou cliquer sur les données pour obtenir plus d'information.",1
description.help,"For help, see the {0} or contact the {1}.",1,"Pour obtenir de l’aide, consultez le {0} ou communiquez avec le {1}.",1
description.help.helpFile,help file,1,fichier d’aide,1
description.help.supportDesk,Climate Services Support Desk,1,Centre d'aide des Services climatiques,1
info.header,"More resources from the Canadian Centre for Climate Services",1,"Plus de ressources du Centre canadien des services climatiques",1
info.library.icon,3book-icon-tr.png,1,3book-icon-tr.png,1
info.basics.icon,book-icon-tr.png,1,book-icon-tr.png,1
info.supportDesk.icon,help-icon-tr.png,1,help-icon-tr.png,1
info.display.icon,graph-icon-tr.png,1,graph-icon-tr.png,1
info.library.title,Library of climate resources,1,Répertoire de ressources climatiques ,1
info.basics.title,Climate information basics,1,Renseignements essentiels sur le climat ,1
info.supportDesk.title,Contact the Climate Services Support Desk,1,Communiquez avec le Centre d`aide des Services climatiques ,1
info.display.title,Display and download climate data,1,Afficher et télécharger les données climatiques ,1
info.library.description,"links to datasets, tools, guidance and related resources",1,"liens vers des ensembles de données, des outils, des conseils et des ressources connexes",1
info.basics.description,"climate change trends, climate science, climate services",1,"tendances  des changements climatiques, science climatique, services climatiques",1
info.supportDesk.description,"1-833-517-0376; get help finding, understanding and using climate information",1,"1-833-517-0376; obtenir de l`aide afin de trouver, comprendre et utiliser des renseignements climatiques",1
info.display.description,"search, explore and visualize climate data",1,"chercher, explorer et visualiser des données climatiques",1
geo.attribution,© Natural Resources Canada,1,© Ressources naturelles Canada,1
geo.coordinates.east,E,1,E,1
geo.coordinates.west,W,1,O,1
geo.coordinates.north,N,1,N,1
geo.coordinates.south,S,1,S,1
geo.scrollguard,Use ctrl + scroll to zoom the map,1,Utilisez les touches Ctrl et + pour faire un zoom de la carte,1
geo.panguard,Use two fingers to scroll the map,1,Utiliser deux doigts pour faire défiler la carte,1
map.description.header,"Dataset description",1,"Description de l’ensemble de données",1
map.description.moreData,"More data may be available; contact the {0} for assistance.",1,"D’autres données peuvent être disponibles; communiquez avec le {0} pour obtenir de l’aide.",1
map.description.technical,"For more detailed information on this dataset see {0}.",1,"Pour de plus amples renseignements, voir {0}.",1
map.description.technical.normal,"See the {0} for more detailed information on this dataset.",1,"Voir la {0} pour de plus amples renseignements.",1
map.cmip5_desc,"The Global climate model scenarios dataset is based on an ensemble of global climate model projections from the Coupled Model Intercomparison Project Phase 5 (CMIP5) are provided. Multi-model ensembles of modelled output (actual value) and projected change (anomaly) are available for historical simulations and three emission scenarios at a 1x1 degree grid resolution. Projected changes are expressed as anomalies with respect to the reference period of 1986-2005. The median projected changes of the Global climate model scenarios ensemble dataset are shown. A range of percentiles across the multi-model ensembles are available for download.",1,"Les données des Scénarios basés sur des modèles climatiques globaux s’appuient sur un ensemble de projections du modèle climatique mondial issues de la phase 5 du projet d’intercomparaison de modèles couplés (CMIP5) sont fournis. Les changements climatiques projetés, quant à la période de référence de 1986 à 2005, sont donnés selon trois scénarios d’émissions à une grille de résolution de 1 degré x 1 degré. La médiane des changements projetés de l’ensemble multimodèles est illustrée. Les données sur la carte représentent la médiane des changements projetés de l’ensemble de modèles des Scénarios basés sur des modèles climatiques globaux.",1
map.cmip5_desc.technicalLink,"the technical documentation on the Global climate model scenarios",1,"la documentation technique relative aux Scénarios basés sur des modèles climatiques globaux",1
map.cmip6_desc,"The CMIP6 global climate model scenarios dataset is based on an ensemble of global climate model projections from the Coupled Model Intercomparison Project Phase 6 (CMIP6). Multi-model ensembles of projected change (anomaly) are available for four emissions scenarios (SSP1-2.6 , SSP2-4.5, SSP3-7.0 and SSP5-8.5) at a 1x1 degree (~100x100km) resolution. Projected changes are expressed as anomalies with respect to the reference period of 1995-2014. The median projected changes of the global climate model scenarios ensemble dataset are shown.",1,"Le jeu de données des scénarios des modèles climatiques mondiaux CMIP6 est basé sur un ensemble de projections de modèles climatiques mondiaux provenant de la phase 6 du projet de comparaison des modèles couplés (CMIP6). Des ensembles multi-modèles de changements projetés (anomalies) sont disponibles pour quatre scénarios d'émissions (SSP1-2.6, SSP2-4.5, SSP3-7.0 et SSP5-8.5) à une résolution de 1x1 degré (~100x100km). Les changements projetés sont exprimés sous forme d'anomalies par rapport à la période de référence 1995-2014. Les changements médians projetés de l'ensemble des données des scénarios des modèles climatiques mondiaux sont indiqués.",1
map.cmip6_desc.technicalLink,"the technical documentation on the CMIP6 global climate model scenarios",1,"la documentation technique relative aux Scénarios basés sur des modèles climatiques globaux de CMIP6",1
map.ahccd_desc,"Adjusted and Homogenized Canadian Climate Data (AHCCD) are climate station datasets that incorporate adjustments (derived from statistical procedures) to the original historical station data to account for discontinuities from non-climatic factors, such as instrument changes or station relocation. Data are provided for temperature, precipitation, pressure and wind speed. Station trend data are provided when available. Trends are calculated using the Theil-Sen method using the station's full period of available data.{0}",1,"Les données climatiques canadiennes ajustées et homogénéisées (DCCAH) sont des ensembles de données de stations climatologiques qui incluent des ajustements (calculs à l’aide de méthodes statistiques) aux données historiques originales des stations afin de tenir compte de facteurs non climatiques tels que des changements aux instruments et des changements d’emplacement de station. Des données sont fournies pour la température, les précipitations, la pression et la vitesse des vents. Les données de tendance de la station sont fournies si elles sont disponibles. Les tendances ont été calculées par la méthode de Theil-Sen à partir des séries de données chronologiques complètes de chaque station.{0}",1
map.ahccd_desc.extra,"The availability of trends will vary by station; if more than 5 consecutive years are missing data or more than 10% of the data within the time series is missing, a trend was not calculated.",1,"La disponibilité des tendances variera selon la station; s’il manque des données pendant plus de cinq années consécutives ou qu’il manque plus de 10 % des données de la série chronologique, on ne calcule pas la tendance.",1
map.ahccd_desc.technicalLink,"the technical documentation on AHCCD",1,"la documentation technique relative aux DCCAH",1
map.dcs_desc,"The Statistically downscaled climate scenarios dataset provides projected changes in temperature and precipitation, with respect to the reference period of 1986-2005, for three emission scenarios at a 10km resolution. Downscaled data are based on global climate model projections from the Coupled Model Intercomparison Project Phase 5 (CMIP5). The median projected changes of the downscaled multi-model ensemble are shown.",1,"Des Scénarios climatiques mis à l’échelle de manière statistique des changements projetés pour les températures et les précipitations, par rapport à la période de référence de 1986 à 2005, sont donnés selon trois scénarios d’émissions à une résolution de 10 km. Les données avec réduction d’échelle statistique s’appuient sur les projections du modèle climatique mondial issues de la phase 5 du projet d’intercomparaison de modèles couplés (CMIP5). Les données sur la carte représentent la médiane des changements projetés de l’ensemble de modèles des Scénarios climatiques mis à l’échelle de manière statistique.",1
map.dcs_desc.technicalLink,"the technical documentation on the Statistically downscaled climate scenarios",1,"la documentation technique relative aux Scénarios climatiques mis à l’échelle de manière statistique",1
map.dcs_u6_desc,"The CMIP6 High resolution future climate simulations dataset (CanDCS-U6) is based on an ensemble of global climate model projections from the Coupled Model Intercomparison Project Phase 6 (CMIP6). Downscaled multi-model ensembles of projected change (anomaly) are available for three emissions scenarios (SSP1-2.6, SSP2-4.5, and SSP5-8.5) at a 0.1x0.1 degree (~6x10km) resolution. Projected changes are expressed as anomalies with respect to the reference period of 1971-2000. The median projected changes of the global climate model scenarios ensemble dataset are shown.",1,"Le jeu de données Simulations du climat future à haute résolution du CMIP6 (CanDCS-U6) est basé sur un ensemble de projections de modèles climatiques globaux provenant de la phase 6 du projet de comparaison des modèles couplés (CMIP6). Des ensembles multi-modèles de changements projetés (anomalie) sont disponibles pour trois scénarios d'émissions (SSP1-2.6, SSP2-4.5, et SSP5-8.5) à une résolution de 0,1x0,1 degré (~6x10km). Les changements projetés sont exprimés sous forme d'anomalies par rapport à la période de référence 1971-2000. Les changements médians projetés de l'ensemble des données des scénarios des modèles climatiques mondiaux sont indiqués.",1
map.dcs_u6_desc.technicalLink,"the technical documentation on the CMIP6 High resolution future climate simulations dataset (CanDCS-U6)",1,"la documentation technique relative aux Simulations du climat future à haute résolution du CMIP6 (CanDCS-U6)",1
map.cangrd_desc,"Canadian Gridded Temperature and Precipitation Anomalies (CANGRD) are datasets of historical gridded temperature and precipitation anomalies, interpolated from adjusted and homogenized climate station data at a 50km resolution across Canada. Mean, minimum and maximum temperature and total precipitation anomalies represent the departure from a mean reference period (1961-1990). Temperature anomalies are expressed as degree Celsius (C) while precipitation anomalies are normalized by dividing by the mean reference period and expressed as percentage change (%). Trends of temperature change (C) for 1948-2018 and trends of relative total precipitation change (%) for 1948-2012 are also available for download.",1,"Les Anomalies de température et précipitation interpolées pour le Canada (CANGRD) sont des ensembles de données passées sur les anomalies de températures et de précipitations, interpolées à partir de données ajustées et homogénéisées de stations climatologiques à une résolution de 50 km, à l’échelle du Canada. Ce qui est illustré ici représente les tendances saisonnières et annuelles de 1948 à 2018, et un écart par rapport à la moyenne de la période de référence (1961 à 1990).",1
map.cangrd_desc.technicalLink,"the technical documentation on CANGRD",1,"la documentation technique relative aux CANGRD",1
map.capa_desc,"The Regional Deterministic Precipitation Analysis (RDPA) produces a best estimate of the amount of precipitation that occurred over recent past periods of 6 or 24 hours. The estimate integrates data from in situ precipitation gauge measurements, weather radar and numerical weather prediction models. Geographic coverage is North America (Canada, United States and Mexico). Data is available at horizontal resolution of 10 km. Data is only available for the surface level. Analysis data is made available four times a day for 6h intervals and once a day for the 24h interval. A preliminary estimate is available approximately 1h after the end of the accumulation period, and revised 6h after in order to assimilate gauge data arriving later.",1,"L'Analyse régionale déterministe de précipitation (ARPD) produit une estimation optimale de la quantité de précipitation qui est survenue au cours de périodes passées récentes de 6h ou 24h. Cet estimé intègre des relevés provenant de capteurs de précipitation, de radar météo et de modèles de prévision numérique du temps. La couverture géographique est l'Amérique du Nord (Canada, États-Unis et le Mexique). Les données sont disponibles à une résolution spatiale horizontale de 10 km. Les données ne sont disponibles qu'au niveau de la surface. Les données d'analyse sont rendues disponibles quatre fois par jour pour les intervalles de 6h et une fois par jour pour l'intervalle de 24h. Un estimé préliminaire est disponible environ 1h après la fin de la période d'accumulation, et révisé 6h plus tard afin d'assimiler les pluviomètres dont les données furent disponibles tardivement.",1
map.capa_desc.technicalLink,"the technical documentation on RDPA",1,"la documentation technique relative à la ARDP",1
map.hydro_desc,"Historical hydrometric data are standardized water resource data and information. They are collected, interpreted and disseminated by the Water Survey of Canada (WSC) in partnership with the provinces, territories and other agencies through the National Hydrometric Program. These data sets include daily mean, monthly mean, annual maximum and minimum daily mean and instantaneous peak water level and discharge information for over 2700 active and 5080 discontinued hydrometric monitoring stations across Canada.",1,"Les Données hydrométriques historiques sont des données et des informations normalisées sur les ressources en eau. Elles sont recueillies, interprétées et diffusées par Relevés hydrologiques du Canada (RHC) en partenariat avec les provinces, les territoires et d’autres organismes par l’intermédiaire du Programme national de relevés hydrométriques. Ces ensembles de données comprennent les valeurs moyennes quotidiennes et mensuelles, les valeurs moyennes quotidiennes minimales et maximales par année et les valeurs des débits et des niveaux d’eau de pointe et instantanés pour plus de 2 700 stations de surveillance hydrométrique actives et 5 080 stations fermées au Canada.",1
map.hydro_desc.technicalLink,"the technical documentation on the Historical hydrometric data",1,"la documentation technique relative aux Données hydrométriques historiques",1
map.ltce_desc,"The daily climate records database, also known as Long Term Climate Extremes (LTCE; {0}), was developed to address the fragmentation of climate information due to station changes (opening, closing, relocation, etc.) over time. For approximately 750 locations in Canada, 'virtual' climate stations have been developed by joining (threading) climate data for an urban location, from nearby stations to make long-term records. Each long-term record consists of the extremes (record values) of daily maximum/minimum temperatures, total precipitation and snowfall for each day of the year. Many of the longest data sets of extremes date as far back as the 1800s. This dataset identifies, for example, the highest temperature or the greatest snowfall on record for each day of the year for the selected urban area.",1,"Les Records des Extrêmes Quotidiens (ECLT; {0}) visent à combler les lacunes de la fragmentation de l’information sur le climat en raison de changements apportés aux stations au fil du temps. Dans 750 endroits répartis sur le territoire canadien, des stations climatologiques « virtual » ont été construites en procédant au « remaillage » des données pour un lieu urbain, à partir de stations proches. Ces données fournissent les records des extrêmes quotidiens de la température, la précipitation et la neige pour chaque jour de l'année. La majorité des plus longs ensembles de données des extrêmes datent des années 1800s. Cet ensemble de données identifie, par exemple, la température la plus élevée ou la plus grande chute de neige enregistrée pour chaque jour de l'année pour la zone urbaine sélectionnée.",1
map.ltce_desc.faq,"see FAQ",1,"voir la FAQ",1
map.ltce_desc.technicalLink,"the technical documentation on Long Term Climate Extremes",1,"la documentation technique relative aux ECLT",1
map.ltce_desc.note,"Note that the database is updated twice daily with the most recent data being valid for the previous climate day. In cases where there are tied records, the earliest year of occurrence is listed before the most recent year(s) of occurrence.",1,"Notez que la base de données est mise à jour deux fois par jour, et les données les plus récentes sont valides pour la journée climatique précédente. En cas d'égalité des données, l'année d'occurrence la plus ancienne est indiquée avant la ou les années d'occurrence les plus récentes.",1
map.ltce_desc.noteExtra,"Note that the LTCE viewer displays current records for the Month and Day of the year selected. It does not specifically identify occurrences of new records for a selected date. This functionality may be incorporated into a future release.",1,"Notez que la visualiseur de l'ECLT affiche les enregistrements actuels pour le mois et le jour de l'année sélectionnés. Il n'identifie pas spécifiquement les occurrences de nouveaux enregistrements pour une date sélectionnée. Cette fonctionnalité pourra être intégrée dans une prochaine version.",1
map.hourly_desc,"Canadian hourly climate data are available for public access from the ECCC/MSC's National Climate Archive. These are surface weather stations that produce hourly meteorological observations, taken each hour of the day. Only a subset of the total stations found on Environment and Climate Change Canada's Historical Climate Data Page is shown due to size limitations. The criteria for station selection are listed as below. The priorities for inclusion are as follows: \n •	Stations in cities with populations of 10000+ \n •	Stations that are Regional Basic Climatological Network status \n •	Stations with 30+ years of data",1,"Les données climatiques horaires canadiennes sont accessibles au public à partir des Archives climatiques nationales du ECCC/SMC. Il s'agit de stations météorologiques de surface qui produisent des observations météorologiques horaires, prises à chaque heure de la journée. En raison des limites de taille, seul un sous-ensemble des stations trouvées sur la page des données climatiques historiques d'Environnement et Changement climatique Canada est présenté. Les critères de sélection des stations sont énumérés ci-dessous. Les priorités d'inclusion sont les suivantes : \n •	Les stations situées dans des villes de plus de 10 000 habitants \n •	Les stations qui ont le statut de réseau climatologique régional de base (en anglais seulement) \n •	Stations ayant plus de 30 ans de données",1
map.hourly_desc.title,"Hourly climate observations",1,"Observations climatiques horaires",1
map.hourly_desc.technicalLink,"technical documentation on the Hourly climate data",1,"la documentation technique sur les données climatiques horaires",1
map.daily_desc,"Daily climate data is derived from two sources of data; Daily Climate Stations producing one or two observations per day of temperature, precipitation, and hourly stations (see hourly data sets) that typically produce more weather elements e.g. wind or snow on ground.",1,"Les Données climatiques quotidiennes sont dérivées de deux sources de données; les stations climatologiques quotidiennes qui produisent une ou deux observations de température et de précipitations par jour, et les stations d’observation horaire (voir les séries de données horaires) qui produisent habituellement plus d’éléments météorologiques, p. ex, le vent ou la neige au sol.",1
map.daily_desc.title,"Daily climate data",1,"Données climatiques quotidiennes",1
map.daily_desc.technicalLink,"technical documentation on the Daily climate data",1,"documentation technique relative aux Données climatiques quotidiennes",1
map.monthly_desc.title,"Monthly climate summaries",1,"Sommaires climatiques mensuels",1
map.monthly_desc,"Monthly climate summaries are cross-country summaries of the averages and extremes for the month, including precipitation totals, max-min temperatures, and degree days. These data are available from stations that produce daily data.",1,"Les Sommaires climatiques mensuels sont des sommaires transcacanadiens des moyennes et des extrêmes pour le mois, y compris les précipitations totales, les températures maximales et minimales et les degrés-jours.",1
map.monthly_desc.technicalLink,"technical documentation on the Monthly climate summaries",,"documentation technique relative aux Sommaires climatologiques mensuels",1
map.normal_desc,"Climate Normals 1981-2010 are used to summarize or describe the average climatic conditions of a particular location. At the completion of each decade, Environment and Climate Change Canada updates its climate normals for as many locations and as many climatic characteristics as possible. The climate normals offered here are based on Canadian climate stations with at least 15 years of data between 1981 to 2010.",1,"Les Normales climatiques 1981-2010 servent à résumer ou à décrire les conditions climatiques moyennes d'un endroit donné. À la fin de chaque décennie, Environnement et Changement climatique Canada met à jour ses normales climatiques pour le plus grand nombre possible de stations et de caractéristiques climatiques. Les normales climatiques offertes ici reposent sur les stations climatologiques canadiennes ayant au moins 15 années de données entre 1981 à 2010.",1
map.normal_desc.title,"Climate Normals 1981-2010",1,"Normales climatiques 1981-2010",1
map.normal_desc.technicalLink,"technical documentation on the Climate Normals 1981-2010",1,"documentation technique relative aux Normales climatiques 1981-2010",1
map.spei_desc,"(CLIENT CONTENT GOES HERE)",1,(CLIENT CONTENT GOES HERE),1
map.spei_desc.technicalLink,"the technical documentation on SPEI (CLIENT CONTENT)",1,"la documentation technique relative aux SPEI (CLIENT CONTENT)",0
map.controlsCluster.legend,Legend,1,Légende,1
map.controlsCluster.timeline,Time period,1,Période,1
map.toggleScaleUnits,Toggle between imperial and metric map scale,1,Basculer entre les échelles métriques et impériales pour la carte,1
colourRamp.cmip5.tmean,Mean temperature change,1,Variation de température moyenne,1
colourRamp.cmip5.precip,Total precipitation change,1,Variations des précipitations totales,1
colourRamp.cmip5.sfcwind,Surface wind speed change,1,Variation de vitesse du vent de surface,1
colourRamp.cmip5.sit,Sea ice thickness change,1,Variation d’épaisseur de glace de mer,1
colourRamp.cmip5.sic,Sea ice concentration change,1,Variation de concentration de la glace de mer,1
colourRamp.cmip5.snd,Snow depth change,1,Variation d’épaisseur de neige,1
colourRamp.cmip6.tmean,Mean temperature change,1,Variation de température moyenne,1
colourRamp.cmip6.precip,Total precipitation change,1,Variations des précipitations totales,1
colourRamp.cmip6.sfcwind,Surface wind speed change,1,Variation de vitesse du vent de surface,1
colourRamp.cmip6.sit,Sea ice thickness change,1,Variation d’épaisseur de glace de mer,1
colourRamp.cmip6.sic,Sea ice concentration change,1,Variation de concentration de la glace de mer,1
colourRamp.cmip6.snd,Snow depth change,1,Variation d’épaisseur de neige,1
colourRamp.dcs.tmax,Maximum temperature change,1,Variation de température maximale,1
colourRamp.dcs.tmin,Minimum temperature change,1,Variation de température minimale,1
colourRamp.dcs.tmean,Mean temperature change,1,Variation de température moyenne,1
colourRamp.dcs.precip,Total precipitation change,1,Variations des précipitations totales,1
colourRamp.dcs.gso,Growing season (CLIENT CONTENT),1,Growing season (CLIENT CONTENT),0
colourRamp.dcs.gsc,Growing season (CLIENT CONTENT),1,Growing season (CLIENT CONTENT),0
colourRamp.dcs.gsw,Growing season (CLIENT CONTENT),1,Growing season (CLIENT CONTENT),0
colourRamp.dcs_u6.tmax,Maximum temperature change,1,Variation de température maximale,1
colourRamp.dcs_u6.tmin,Minimum temperature change,1,Variation de température minimale,1
colourRamp.dcs_u6.tmean,Mean temperature change,1,Variation de température moyenne,1
colourRamp.dcs_u6.precip,Total precipitation change,1,Variations des précipitations totales,1
colourRamp.cangrd.tmean,Mean temperature change,1,Variation de température moyenne,1
colourRamp.cangrd.precip,Total precipitation change,1,Variations des précipitations totales,1
colourRamp.capa.rdpa6,6 hour precipitation,1,Précipitations sur 6 heures,1
colourRamp.capa.rdpa24,24 hour precipitation,1,Précipitations sur 24 heures,1
settings.title,Climate viewer options,1,Options du visualiseur de données climatiques,1
variableSelector.title,Variable,1,Variable,1
variableSelector.normal.title,Variable,1,Variable,1
variableSelector.ltce.title,Variable,1,Variable,1
variableSelector.header,Climate data,1,Données climatiques,1
variableSelector.stations_group,Metadata,1,Métadonnées,1
variableSelector.normal.stations_group,Metadata,1,Métadonnées,1
variableSelector.ltce.stations_group,Metadata,1,Métadonnées,1
variableSelector.temperature_group,Temperature,1,Température,1
variableSelector.normal.temperature_group,Climate normals: Temperature,1,Normales climatiques : Température,1
variableSelector.ltce.temperature_group,Temperature Extremes of Records,1,Records de Températures Extrêmes,1
variableSelector.wind_group,Wind,1,Vent,1
variableSelector.ice_group,Sea ice,1,Glace de mer,1
variableSelector.precipitation_group,Precipitation,1,Précipitations,1
variableSelector.normal.precipitation_group,Climate normals: Precipitation,1,Normales climatiques : Précipitations,1
variableSelector.ltce.precipitation_group,Precipitation Extremes of Records,1,Records de Précipitations Extrêmes,1
variableSelector.snow_depth_group,Snow,1,Neige,1
variableSelector.ltce.snow_depth_group,Snowfall Extremes of Records,1,Records de Neiges Extrêmes,1
variableSelector.pressure_group,Pressure,1,Pression,1
variableSelector.geopotential_group,Geopotential,1,Géopotentiel,1
variableSelector.indices_group,Indices (CLIENT CONTENT),1,Indices (CLIENT CONTENT),0
variableSelector.historic,Historic,1,Historique,1
variableSelector.future,Future,1,Futur,1
timePeriodSelector.title,Time of year,1,Temps de l'année,1
timePeriodSelector.header,Time of year,1,Temps de l'année,1
timePeriodSelector.monthly_group,Monthly,1,Mensuel,1
timePeriodSelector.season_group,Seasonal,1,Saisonnier,1
timePeriodSelector.annual_group,Annual,1,Annuel,1
timePeriodSelector.jan.fullName,January,1,Janvier,1
timePeriodSelector.jan.shortName,January,1,Janvier,1
timePeriodSelector.jan.qualifier,,1,,1
timePeriodSelector.feb.fullName,February,1,Février,1
timePeriodSelector.feb.shortName,February,1,Février,1
timePeriodSelector.feb.qualifier,,1,,1
timePeriodSelector.mar.fullName,March,1,Mars,1
timePeriodSelector.mar.shortName,March,1,Mars,1
timePeriodSelector.mar.qualifier,,1,,1
timePeriodSelector.apr.fullName,April,1,Avril,1
timePeriodSelector.apr.shortName,April,1,Avril,1
timePeriodSelector.apr.qualifier,,1,,1
timePeriodSelector.may.fullName,May,1,Mai,1
timePeriodSelector.may.shortName,May,1,Mai,1
timePeriodSelector.may.qualifier,,1,,1
timePeriodSelector.jun.fullName,June,1,Juin,1
timePeriodSelector.jun.shortName,June,1,Juin,1
timePeriodSelector.jun.qualifier,,1,,1
timePeriodSelector.jul.fullName,July,1,Juillet,1
timePeriodSelector.jul.shortName,July,1,Juillet,1
timePeriodSelector.jul.qualifier,,1,,1
timePeriodSelector.aug.fullName,August,1,Août,1
timePeriodSelector.aug.shortName,August,1,Août,1
timePeriodSelector.aug.qualifier,,1,,1
timePeriodSelector.sep.fullName,September,1,Septembre,1
timePeriodSelector.sep.shortName,September,1,Septembre,1
timePeriodSelector.sep.qualifier,,1,,1
timePeriodSelector.oct.fullName,October,1,Octobre,1
timePeriodSelector.oct.shortName,October,1,Octobre,1
timePeriodSelector.oct.qualifier,,1,,1
timePeriodSelector.nov.fullName,November,1,Novembre,1
timePeriodSelector.nov.shortName,November,1,Novembre,1
timePeriodSelector.nov.qualifier,,1,,1
timePeriodSelector.dec.fullName,December,1,Décembre,1
timePeriodSelector.dec.shortName,December,1,Décembre,1
timePeriodSelector.dec.qualifier,,1,,1
timePeriodSelector.winter.fullName,Winter,1,Hiver,1
timePeriodSelector.winter.shortName,Winter,1,Hiver,1
timePeriodSelector.winter.qualifier,Dec - Feb,1,Déc. à fév.,1
timePeriodSelector.spring.fullName,Spring,1,Printemps,1
timePeriodSelector.spring.shortName,Spring,1,Printemps,1
timePeriodSelector.spring.qualifier,Mar - May,1,Mars à mai,1
timePeriodSelector.summer.fullName,Summer,1,Été,1
timePeriodSelector.summer.shortName,Summer,1,Été,1
timePeriodSelector.summer.qualifier,Jun - Aug,1,Juin à août,1
timePeriodSelector.fall.fullName,Autumn,1,Automne,1
timePeriodSelector.fall.shortName,Autumn,1,Automne,1
timePeriodSelector.fall.qualifier,Sep - Nov,1,Sept. à nov.,1
timePeriodSelector.annual.fullName,Annual,1,Annuel,1
timePeriodSelector.annual.shortName,Annual,1,Annuel,1
timePeriodSelector.annual.qualifier,Jan - Dec,1,Jan. à déc.,1
monthSelector.title,Month,1,Mois,1
monthSelector.header,Month,1,Mois,1
monthSelector.jan.fullName,January,1,Janvier,1
monthSelector.jan.shortName,January,1,Janvier,1
monthSelector.jan.qualifier,,1,,1
monthSelector.feb.fullName,February,1,Février,1
monthSelector.feb.shortName,February,1,Février,1
monthSelector.feb.qualifier,,1,,1
monthSelector.mar.fullName,March,1,Mars,1
monthSelector.mar.shortName,March,1,Mars,1
monthSelector.mar.qualifier,,1,,1
monthSelector.apr.fullName,April,1,Avril,1
monthSelector.apr.shortName,April,1,Avril,1
monthSelector.apr.qualifier,,1,,1
monthSelector.may.fullName,May,1,Mai,1
monthSelector.may.shortName,May,1,Mai,1
monthSelector.may.qualifier,,1,,1
monthSelector.jun.fullName,June,1,Juin,1
monthSelector.jun.shortName,June,1,Juin,1
monthSelector.jun.qualifier,,1,,1
monthSelector.jul.fullName,July,1,Juillet,1
monthSelector.jul.shortName,July,1,Juillet,1
monthSelector.jul.qualifier,,1,,1
monthSelector.aug.fullName,August,1,Août,1
monthSelector.aug.shortName,August,1,Août,1
monthSelector.aug.qualifier,,1,,1
monthSelector.sep.fullName,September,1,Septembre,1
monthSelector.sep.shortName,September,1,Septembre,1
monthSelector.sep.qualifier,,1,,1
monthSelector.oct.fullName,October,1,Octobre,1
monthSelector.oct.shortName,October,1,Octobre,1
monthSelector.oct.qualifier,,1,,1
monthSelector.nov.fullName,November,1,Novembre,1
monthSelector.nov.shortName,November,1,Novembre,1
monthSelector.nov.qualifier,,1,,1
monthSelector.dec.fullName,December,1,Décembre,1
monthSelector.dec.shortName,December,1,Décembre,1
monthSelector.dec.qualifier,,1,,1
daySelector.title,Day,1,Jour,1
daySelector.1.fullName,1,1,1,1
daySelector.1.shortName,1,1,1,1
daySelector.1.qualifier,,1,,1
daySelector.2.fullName,2,1,2,1
daySelector.2.shortName,2,1,2,1
daySelector.2.qualifier,,1,,1
daySelector.3.fullName,3,1,3,1
daySelector.3.shortName,3,1,3,1
daySelector.3.qualifier,,1,,1
daySelector.4.fullName,4,1,4,1
daySelector.4.shortName,4,1,4,1
daySelector.4.qualifier,,1,,1
daySelector.5.fullName,5,1,5,1
daySelector.5.shortName,5,1,5,1
daySelector.5.qualifier,,1,,1
daySelector.6.fullName,6,1,6,1
daySelector.6.shortName,6,1,6,1
daySelector.6.qualifier,,1,,1
daySelector.7.fullName,7,1,7,1
daySelector.7.shortName,7,1,7,1
daySelector.7.qualifier,,1,,1
daySelector.8.fullName,8,1,8,1
daySelector.8.shortName,8,1,8,1
daySelector.8.qualifier,,1,,1
daySelector.9.fullName,9,1,9,1
daySelector.9.shortName,9,1,9,1
daySelector.9.qualifier,,1,,1
daySelector.10.fullName,10,1,10,1
daySelector.10.shortName,10,1,10,1
daySelector.10.qualifier,,1,,1
daySelector.11.fullName,11,1,11,1
daySelector.11.shortName,11,1,11,1
daySelector.11.qualifier,,1,,1
daySelector.12.fullName,12,1,12,1
daySelector.12.shortName,12,1,12,1
daySelector.12.qualifier,,1,,1
daySelector.13.fullName,13,1,13,1
daySelector.13.shortName,13,1,13,1
daySelector.13.qualifier,,1,,1
daySelector.14.fullName,14,1,14,1
daySelector.14.shortName,14,1,14,1
daySelector.14.qualifier,,1,,1
daySelector.15.fullName,15,1,15,1
daySelector.15.shortName,15,1,15,1
daySelector.15.qualifier,,1,,1
daySelector.16.fullName,16,1,16,1
daySelector.16.shortName,16,1,16,1
daySelector.16.qualifier,,1,,1
daySelector.17.fullName,17,1,17,1
daySelector.17.shortName,17,1,17,1
daySelector.17.qualifier,,1,,1
daySelector.18.fullName,18,1,18,1
daySelector.18.shortName,18,1,18,1
daySelector.18.qualifier,,1,,1
daySelector.19.fullName,19,1,19,1
daySelector.19.shortName,19,1,19,1
daySelector.19.qualifier,,1,,1
daySelector.20.fullName,20,1,20,1
daySelector.20.shortName,20,1,20,1
daySelector.20.qualifier,,1,,1
daySelector.21.fullName,21,1,21,1
daySelector.21.shortName,21,1,21,1
daySelector.21.qualifier,,1,,1
daySelector.22.fullName,22,1,22,1
daySelector.22.shortName,22,1,22,1
daySelector.22.qualifier,,1,,1
daySelector.23.fullName,23,1,23,1
daySelector.23.shortName,23,1,23,1
daySelector.23.qualifier,,1,,1
daySelector.24.fullName,24,1,24,1
daySelector.24.shortName,24,1,24,1
daySelector.24.qualifier,,1,,1
daySelector.25.fullName,25,1,25,1
daySelector.25.shortName,25,1,25,1
daySelector.25.qualifier,,1,,1
daySelector.26.fullName,26,1,26,1
daySelector.26.shortName,26,1,26,1
daySelector.26.qualifier,,1,,1
daySelector.27.fullName,27,1,27,1
daySelector.27.shortName,27,1,27,1
daySelector.27.qualifier,,1,,1
daySelector.28.fullName,28,1,28,1
daySelector.28.shortName,28,1,28,1
daySelector.28.qualifier,,1,,1
daySelector.29.fullName,29,1,29,1
daySelector.29.shortName,29,1,29,1
daySelector.29.qualifier,,1,,1
daySelector.30.fullName,30,1,30,1
daySelector.30.shortName,30,1,30,1
daySelector.30.qualifier,,1,,1
daySelector.31.fullName,31,1,31,1
daySelector.31.shortName,31,1,31,1
daySelector.31.qualifier,,1,,1
export.emissionScenario,Emission scenario,1,Scénarios d'émissions,1
rcpSelector.title,Scenarios,1,Scénarios,1
rcpSelector.header,Global emission scenarios,1,Scénarios d'émissions mondiales,1
rcpSelector.description,"A set of scenarios referred to as Representative Concentration Pathways (RCPs) are in common use to study future climate change. RCPs are designed to provide plausible future scenarios of human emissions patterns.",1,"Un ensemble de scénarios désignés profils représentatifs d’évolution de concentration (RCP : Representative Concentration Pathways) sont couramment utilisés pour étudier les changements climatiques futurs. Les RCP définissent des scénarios futurs plausibles des émissions anthropiques.",1
rcpSelector.all_rcp_models,,1,,1
rcpSelector.rcp26.shortName,Low emission,1,Émissions faibles,1
rcpSelector.rcp26.fullName,Low emission scenario (RCP 2.6),1,"Scénario d'émissions faibles (RCP 2.6)",1
rcpSelector.rcp26.veryShortName,Low,1,Faibles,0
rcpSelector.rcp26.qualifier,,1,,1
rcpSelector.rcp45.shortName,Moderate emission,1,Émissions modérées,1
rcpSelector.rcp45.fullName,Moderate emission scenario (RCP 4.5),1,"Scénario d'émissions modérées (RCP 4.5)",1
rcpSelector.rcp45.veryShortName,Moderate,1,Modérées,0
rcpSelector.rcp45.qualifier,,1,,1
rcpSelector.rcp85.shortName,High emission,1,Émissions élevées,1
rcpSelector.rcp85.fullName,High emission scenario (RCP 8.5),1,"Scénario d'émissions élevées (RCP 8.5)",1
rcpSelector.rcp85.veryShortName,High,1,élevées,0
rcpSelector.rcp85.qualifier,,1,,1
sspSelector.title,Scenarios,0,Scénarios,0
sspSelector.header,Global emission scenarios,0,Scénarios d'émissions mondiales,0
sspSelector.description,"A set of scenarios.",0,"Un ensemble de scénarios.",0
sspSelector.all_ssp_models,,1,,1
sspSelector.ssp126.shortName,Low emission,0,Émissions faibles,0
sspSelector.ssp126.fullName,Low emission scenario (SSP126),0,"Scénario d'émissions faibles (SSP126)",0
sspSelector.ssp126.qualifier,,1,,1
sspSelector.ssp245.shortName,Moderate emission,0,Émissions modérées,0
sspSelector.ssp245.fullName,Moderate emission scenario (SSP245),0,"Scénario d'émissions modérées (SSP245)",0
sspSelector.ssp245.qualifier,,1,,1
sspSelector.ssp370.shortName,Moderate-high emission,0,,0
sspSelector.ssp370.fullName,Moderate-high emission scenario (SSP3-70),0,Moderate-high emission (SSP3-70),0
sspSelector.ssp370.qualifier,,1,,1
sspSelector.ssp585.shortName,High emission,0,Émissions élevées,0
sspSelector.ssp585.fullName,High emission scenario (SSP585),0,"Scénario d'émissions élevées (SSP585)",0
sspSelector.ssp585.qualifier,,1,,1
supplementalSelector.title,Supplemental dataset,1,Ensemble de données supplémentaires,1
supplementalSelector.np.shortName,National Parks,1,Parc national,1
supplementalSelector.np.fullName,National Parks,1,Parc national,1
supplementalSelector.np.subName,,1,,1
supplementalSelector.ntsn.shortName,National transportation systems network,1,Réseau national de systèmes de transport,0
supplementalSelector.ntsn.fullName,National transportation systems network,1,Réseau national de systèmes de transport,0
supplementalSelector.ntsn.subName,"This includes the National Airport System, the National Highway System, Canada Port Authorities and the National Railway Network.",1,"Cela comprend le réseau aéroportuaire national, le réseau routier national, les administrations portuaires canadiennes et le réseau ferroviaire national.",0
supplementalSelector.cdd.shortName,Canadian Disaster Database,1,Base de Données Canadienne sur les Catastrophes,1
supplementalSelector.cdd.fullName,Canadian Disaster Database "Meteorological Hydrological" Events types,1,Base de Données Canadienne sur les Catastrophes Types d'événements "météorologiques - hydrologiques",0
supplementalSelector.cdd.subName,,1,,1
supplementalSelector.atris.fullName,Indigenous communities (ATRIS),1,Collectivités autochtones (ATRIS),1
supplementalSelector.atris.shortName,Indigenous communities (ATRIS),1,Collectivités autochtones (ATRIS),1
supplementalSelector.atris.subName,,1,,1
datasetSelector.title,Dataset,1,Ensemble de données,1
datasetSelector.header,Datasets,1,Ensembles des données,1
datasetSelector.all_datasets,,1,,1
datasetSelector.future_projections,Climate Simulations,1,Simulations climatiques,1
datasetSelector.historical_changes,Value-added historical climate data products,1,Produits à valeur ajoutée dérivés de données climatiques historiques,1
datasetSelector.historical_other,Historical climate and river data,1,Données historiques météorologiques et fluviales,1
datasetSelector.ahccd.shortName,Adjusted historical climate data,1,Données climatiques historiques ajustées,1
datasetSelector.ahccd.fullName,Adjusted historical climate data (at weather stations),1,Données climatiques historiques ajustées (aux stations météorologiques),1
datasetSelector.ahccd.subName,Adjusted and Homogenized Canadian Climate Data (AHCCD),1,Données climatiques canadiennes ajustées et homogénéisées (DCCAH),1
datasetSelector.ahccd.qualifier,,1,,1
datasetSelector.cmip5.shortName,CMIP5 Future climate simulations,1,Simulations du climat futur de CMIP5,1
datasetSelector.cmip5.fullName,CMIP5 Future climate simulations (gridded data),1,Simulations du climat futur de CMIP5 (données sur maille),1
datasetSelector.cmip5.subName,CMIP5 Global climate model scenarios,1,Scénarios basés sur des modèles climatiques globaux de CMIP5,1
datasetSelector.cmip5.qualifier,,1,,1
datasetSelector.cmip6.shortName,CMIP6 Future climate simulations,1,Simulations du climat future de CMIP6,1
datasetSelector.cmip6.fullName,CMIP6 Future climate simulations,1,Simulations du climat future de CMIP6,1
datasetSelector.cmip6.subName,CMIP6 Global climate model scenarios,1,Scénarios basés sur des modèles climatiques globaux de CMIP6,1
datasetSelector.cmip6.qualifier,,1,,1
datasetSelector.cangrd.shortName,Changes in temperature and precipitation,1,Variations de température et de précipitations,1
datasetSelector.cangrd.fullName,Changes in temperature and precipitation (gridded data),1,Variations de température et de précipitations (données sur maille),1
datasetSelector.cangrd.subName,Canadian Gridded Temperature and Precipitation Anomalies (CANGRD),1,Anomalies de température et précipitation interpolées pour le Canada (CANGRD),1
datasetSelector.cangrd.qualifier,,1,,1
datasetSelector.dcs.shortName,CMIP5 High resolution future climate simulations,1,Simulations du climat futur à haute résolution de CMIP5,1
datasetSelector.dcs.fullName,CMIP5 High resolution future climate simulations (gridded data),1,Simulations du climat futur à haute résolution de CMIP5 (données sur maille),1
datasetSelector.dcs.subName,CMIP5 Downscaled climate scenarios (CanDCS-U5),1,Scénarios climatiques mis a l’échelle de manière statistique du CMIP5 (CanDCS-U5),1
datasetSelector.dcs.qualifier,,1,,1
datasetSelector.dcs_u6.shortName,CMIP6 High resolution future climate simulations,1,Simulations du climat futur à haute résolution de CMIP6,1
datasetSelector.dcs_u6.fullName,CMIP6 High resolution future climate simulations,1,Simulations du climat futur à haute résolution de CMIP6,1
datasetSelector.dcs_u6.subName,CMIP6 Downscaled climate scenarios (CanDCS-U6),1,Scénarios climatiques mis à l’échelle de manière statistique de CMIP6 (CanDCS-U6),1
datasetSelector.dcs_u6.qualifier,,1,,1
datasetSelector.capa.shortName,Precipitation estimates,1,Estimations de précipitations,1
datasetSelector.capa.fullName,Precipitation estimates (gridded data),1,Estimations de précipitations (données sur maille),1
datasetSelector.capa.subName,Regional deterministic precipitation analysis (RDPA),1,Analyse régionale déterministe de précipitation (ARDP),1
datasetSelector.capa.qualifier,,1,,1
datasetSelector.normal.shortName,"Average, monthly and daily data",1,"Données moyennes, mensuelles et quotidiennes",1
datasetSelector.normal.fullName,"Average, monthly and daily data",1,"Données moyennes, mensuelles et quotidiennes",1
datasetSelector.normal.subName,"Climate Normals 1981-2010, Monthly climate summaries and Daily climate data",1,"Normales climatiques 1981-2010, Sommaires climatiques mensuels et Données climatiques quotidiennes",1
datasetSelector.normal.qualifier,,1,,1
datasetSelector.hydro.shortName,River levels and flow,1,Niveaux et débits des rivières,1
datasetSelector.hydro.fullName,River levels and flow,1,Niveaux et débits des rivières,1
datasetSelector.hydro.subName,Historical hydrometric data,1,Données hydrométriques historiques,1
datasetSelector.hydro.qualifier,,1,,1
datasetSelector.ltce.shortName,Daily Climate Records,1,Records des extrêmes quotidiens,1
datasetSelector.ltce.fullName,Daily Climate Records,1,Records des extrêmes quotidiens,1
datasetSelector.ltce.subName,"Long term climate extremes (LTCE)",1,"Extrêmes climatiques à long terme (ECLT)",1
datasetSelector.ltce.qualifier,,1,,1
datasetSelector.spei.shortName,Standardized Precipitation and Evapotranspiration Index (CLIENT CONTENT),1,Standardized Precipitation and Evapotranspiration Index (CLIENT CONTENT),0
datasetSelector.spei.fullName,Standardized Precipitation and Evapotranspiration Index (CLIENT CONTENT),1,Standardized Precipitation and Evapotranspiration Index (CLIENT CONTENT),0
datasetSelector.spei.subName,,1,,1
datasetSelector.spei.qualifier,,1,,1
downloadSelector.title,Download,1,Télécharger,1
downloadSelector.header,Download,1,Télécharger,1
downloadSelector.mapImage_group,Map image,1,Carte,1
downloadSelector.dataset_group,Source data,1,Données sources,1
downloadSelector.png.shortName,,1,,1
downloadSelector.png.fullName,PNG picture,1,Image PNG,1
downloadSelector.png.qualifier,,1,,1
downloadSelector.jpeg.shortName,,1,,1
downloadSelector.jpeg.fullName,JPEG picture,1,Image JPEG,1
downloadSelector.jpeg.qualifier,,1,,1
downloadSelector.dataCatalogue.shortName,,1,,1
downloadSelector.dataCatalogue.fullName,Open Data metadata record,1,Dossier de métadonnées de Données ouvertes,1
downloadSelector.dataCatalogue.access,Access full dataset in ,1,Accéder à l'ensemble de données complet ,1
downloadSelector.dataCatalogue.qualifier,,1,,1
downloadSelector.queryTool.shortName,,1,,1
downloadSelector.queryTool.fullName,Climate data extraction tool,1,Outil d'extraction de données climatiques,1
downloadSelector.queryTool.access,Download source data using ,1,Télécharger les données sources au moyen de ,1
downloadSelector.queryTool.qualifier,,1,,1
analysisSelector.title,Analysis period,1,Période d'analyse,1
analysisSelector.header,,1,,1
page.dateModified,Date modified,1,Date de modification ,1
ahccd.stations.fullName,AHCCD station metadata,1,Métadonnées sur la station DCCAH,1
ahccd.stations.shortName,AHCCD station metadata,1,Métadonnées sur la station DCCAH,1
ahccd.stations.qualifier,,1,,1
ahccd.tmean.fullName,Mean temperature,1,Température moyenne,1
ahccd.tmean.shortName,Mean temperature,1,Température moyenne,1
ahccd.tmean.qualifier,,1,,1
ahccd.tmin.fullName,Daily minimum temperature,1,Température minimale quotidienne,1
ahccd.tmin.shortName,Daily minimum temperature,1,Température minimale quotidienne,1
ahccd.tmin.qualifier,,1,,1
ahccd.tmax.fullName,Daily maximum temperature,1,Température maximale quotidienne,1
ahccd.tmax.shortName,Daily maximum temperature,1,Température maximale quotidienne,1
ahccd.tmax.qualifier,,1,,1
ahccd.precip.fullName,Total precipitation,1,Précipitations totales,1
ahccd.precip.shortName,Total precipitation,1,Précipitations totales,1
ahccd.precip.qualifier,,1,,1
ahccd.stnpress.fullName,Station pressure,1,Pression à la station,1
ahccd.stnpress.shortName,Station pressure,1,Pression à la station,1
ahccd.stnpress.qualifier,,1,,1
ahccd.seapress.fullName,Sea level pressure,1,Pression au niveau de la mer,1
ahccd.seapress.shortName,Sea level pressure,1,Pression au niveau de la mer,1
ahccd.seapress.qualifier,,1,,1
ahccd.sfcwind.fullName,Wind speed,1,Vitesse du vent,1
ahccd.sfcwind.shortName,Wind speed,1,Vitesse du vent,1
ahccd.sfcwind.qualifier,,1,,1
units.ahccd.tmean.shortName,°C,1,°C,1
units.ahccd.tmean.fullName,degrees Celsius,1,degrés Celsius,1
units.ahccd.tmax.shortName,°C,1,°C,1
units.ahccd.tmax.fullName,degrees Celsius,1,degrés Celsius,1
units.ahccd.tmin.shortName,°C,1,°C,1
units.ahccd.tmin.fullName,degrees Celsius,1,degrés Celsius,1
units.ahccd.precip.shortName,mm,1,mm,1
units.ahccd.precip.fullName,millimetres,1,millimètres,1
units.ahccd.sfcwind.shortName,km/h,1,km/h,1
units.ahccd.sfcwind.fullName,kilometres per hour,1,kilomètres à l'heure,1
units.ahccd.stnpress.shortName,kPa,1,kPa,1
units.ahccd.stnpress.fullName,kilopascal,1,kilopascal,1
units.ahccd.seapress.shortName,kPa,1,kPa,1
units.ahccd.seapress.fullName,kilopascal,1,kilopascal,1
cmip5.tmean.fullName,Mean temperature,1,Température moyenne,1
cmip5.tmean.shortName,Mean temperature,1,Température moyenne,1
cmip5.tmean.qualifier,,1,,1
cmip5.precip.fullName,Total precipitation,1,Précipitations totales,1
cmip5.precip.shortName,Total precipitation,1,Précipitations totales,1
cmip5.precip.qualifier,,1,,1
cmip5.sfcwind.fullName,Surface wind speed,1,Vitesse du vent,1
cmip5.sfcwind.shortName,Surface wind speed,1,Vitesse du vent,1
cmip5.sfcwind.qualifier,,1,,1
cmip5.sit.fullName,Sea ice thickness,1,Épaisseur des glaces de mer,1
cmip5.sit.shortName,Sea ice thickness,1,Épaisseur des glaces de mer,1
cmip5.sit.qualifier,,1,,1
cmip5.sic.fullName,Sea ice concentration,1,Concentration des glaces de mer,1
cmip5.sic.shortName,Sea ice concentration,1,Concentration des glaces de mer,1
cmip5.sic.qualifier,,1,,1
cmip5.snd.fullName,Snow depth,1,Épaisseur de la neige,1
cmip5.snd.shortName,Snow depth,1,Épaisseur de la neige,1
cmip5.snd.qualifier,,1,,1
units.cmip5.tmean.shortName,°C,1,°C,1
units.cmip5.tmean.fullName,degrees Celsius,1,degrés Celsius,1
units.cmip5.precip.shortName,%,1,%,1
units.cmip5.precip.fullName,percent,1,pourcentage,1
units.cmip5.sfcwind.shortName,%,1,%,1
units.cmip5.sfcwind.fullName,percent,1,pourcentage,1
units.cmip5.sit.shortName,%,1,%,1
units.cmip5.sit.fullName,percent,1,pourcentage,1
units.cmip5.sic.shortName,%,1,%,1
units.cmip5.sic.fullName,percent,1,pourcentage,1
units.cmip5.snd.shortName,%,1,%,1
units.cmip5.snd.fullName,percent,1,pourcentage,1
dcs.projected.footnote,The projected change is relative to the 1986-2005 average,1,[FR] The projected change is relative to the 1986-2005 average,0
cmip6.tmean.fullName,Mean temperature,1,Température moyenne,1
cmip6.tmean.shortName,Mean temperature,1,Température moyenne,1
cmip6.tmean.qualifier,,1,,1
cmip6.precip.fullName,Total precipitation,1,Précipitations totales,1
cmip6.precip.shortName,Total precipitation,1,Précipitations totales,1
cmip6.precip.qualifier,,1,,1
cmip6.sfcwind.fullName,Surface wind speed,1,Vitesse du vent,1
cmip6.sfcwind.shortName,Surface wind speed,1,Vitesse du vent,1
cmip6.sfcwind.qualifier,,1,,1
cmip6.sit.fullName,Sea ice thickness,1,Épaisseur des glaces de mer,1
cmip6.sit.shortName,Sea ice thickness,1,Épaisseur des glaces de mer,1
cmip6.sit.qualifier,,1,,1
cmip6.sic.fullName,Sea ice concentration,1,Concentration des glaces de mer,1
cmip6.sic.shortName,Sea ice concentration,1,Concentration des glaces de mer,1
cmip6.sic.qualifier,,1,,1
cmip6.snd.fullName,Snow depth,1,Épaisseur de la neige,1
cmip6.snd.shortName,Snow depth,1,Épaisseur de la neige,1
cmip6.snd.qualifier,,1,,1
units.cmip6.tmean.shortName,°C,1,°C,1
units.cmip6.tmean.fullName,degrees Celsius,1,degrés Celsius,1
units.cmip6.precip.shortName,%,1,%,1
units.cmip6.precip.fullName,percent,1,pourcentage,1
units.cmip6.sfcwind.shortName,%,1,%,1
units.cmip6.sfcwind.fullName,percent,1,pourcentage,1
units.cmip6.sit.shortName,%,1,%,1
units.cmip6.sit.fullName,percent,1,pourcentage,1
units.cmip6.sic.shortName,%,1,%,1
units.cmip6.sic.fullName,percent,1,pourcentage,1
units.cmip6.snd.shortName,%,1,%,1
units.cmip6.snd.fullName,percent,1,pourcentage,1
dcs.tmean.fullName,Mean temperature,1,Température moyenne,1
dcs.tmean.shortName,Mean temperature,1,Température moyenne,1
dcs.tmean.qualifier,,1,,1
dcs.tmin.fullName,Minimum temperature,1,Température minimale,1
dcs.tmin.shortName,Minimum temperature,1,Température minimale,1
dcs.tmin.qualifier,,1,,1
dcs.tmax.fullName,Maximum temperature,1,Température maximale,1
dcs.tmax.shortName,Maximum temperature,1,Température maximale,1
dcs.tmax.qualifier,,1,,1
dcs.precip.fullName,Total precipitation,1,Précipitations totales,1
dcs.precip.shortName,Total precipitation,1,Précipitations totales,1
dcs.precip.qualifier,,1,,1
dcs.gso.fullName,Growing season length for overwintering crops (CLIENT CONTENT),1,Growing season length for overwintering crops (CLIENT CONTENT),0
dcs.gso.shortName,Growing season overwinter (CLIENT CONTENT),1,Growing season overwinter (CLIENT CONTENT),0
dcs.gso.qualifier,,1,,1
dcs.gsc.fullName,Growing Season length for cool season crops (CLIENT CONTENT),1,Growing season length for cool season crops (CLIENT CONTENT),0
dcs.gsc.shortName,Growing season cool (CLIENT CONTENT),1,Growing season cool (CLIENT CONTENT),0
dcs.gsc.qualifier,,1,,1
dcs.gsw.fullName,Growing season length for warm season crops (CLIENT CONTENT),1,Growing season length for warm season crops (CLIENT CONTENT),0
dcs.gsw.shortName,Growing season warm (CLIENT CONTENT),1,Growing season warm (CLIENT CONTENT),0
dcs.gsw.qualifier,,1,,1
units.dcs.tmean.shortName,°C,1,°C,1
units.dcs.tmean.fullName,degrees Celsius,1,degrés Celsius,1
units.dcs.tmax.shortName,°C,1,°C,1
units.dcs.tmax.fullName,degrees Celsius,1,degrés Celsius,1
units.dcs.tmin.shortName,°C,1,°C,1
units.dcs.tmin.fullName,degrees Celsius,1,degrés Celsius,1
units.dcs.precip.shortName,%,1,%,1
units.dcs.precip.fullName,percent,1,pourcentage,1
units.dcs.gso.fullName,days (CLIENT CONTENT),1,jours (CLIENT CONTENT),0
units.dcs.gso.shortName,days (CLIENT CONTENT),1,jours (CLIENT CONTENT),0
units.dcs.gsc.fullName,days (CLIENT CONTENT),1,jours (CLIENT CONTENT),0
units.dcs.gsc.shortName,days (CLIENT CONTENT),1,jours (CLIENT CONTENT),0
units.dcs.gsw.fullName,days (CLIENT CONTENT),1,jours (CLIENT CONTENT),0
units.dcs.gsw.shortName,days (CLIENT CONTENT),1,jours (CLIENT CONTENT),0
dcs_u6.tmean.fullName,Mean temperature,1,Température moyenne,1
dcs_u6.tmean.shortName,Mean temperature,1,Température moyenne,1
dcs_u6.tmean.qualifier,,1,,1
dcs_u6.tmin.fullName,Minimum temperature,1,Température minimale,1
dcs_u6.tmin.shortName,Minimum temperature,1,Température minimale,1
dcs_u6.tmin.qualifier,,1,,1
dcs_u6.tmax.fullName,Maximum temperature,1,Température maximale,1
dcs_u6.tmax.shortName,Maximum temperature,1,Température maximale,1
dcs_u6.tmax.qualifier,,1,,1
dcs_u6.precip.fullName,Total precipitation,1,Précipitations totales,1
dcs_u6.precip.shortName,Total precipitation,1,Précipitations totales,1
dcs_u6.precip.qualifier,,1,,1
units.dcs_u6.tmean.shortName,°C,1,°C,1
units.dcs_u6.tmean.fullName,degrees Celsius,1,degrés Celsius,1
units.dcs_u6.tmax.shortName,°C,1,°C,1
units.dcs_u6.tmax.fullName,degrees Celsius,1,degrés Celsius,1
units.dcs_u6.tmin.shortName,°C,1,°C,1
units.dcs_u6.tmin.fullName,degrees Celsius,1,degrés Celsius,1
units.dcs_u6.precip.shortName,%,1,%,1
units.dcs_u6.precip.fullName,percent,1,pourcentage,1
cangrd.tmean.fullName,Mean temperature,1,Température moyenne,1
cangrd.tmean.shortName,Mean temperature,1,Température moyenne,1
cangrd.tmean.qualifier,,1,,1
cangrd.precip.fullName,Total precipitation,1,Précipitations totales,1
cangrd.precip.shortName,Total precipitation,1,Précipitations totales,1
cangrd.precip.qualifier,,1,,1
units.cangrd.tmean.shortName,°C,1,°C,1
units.cangrd.tmean.fullName,degrees Celsius,1,degrés Celsius,1
units.cangrd.precip.shortName,%,1,%,1
units.cangrd.precip.fullName,percent,1,pourcentage,1
normal.stations.fullName,Climate normals,1,Normales climatiques,1
normal.stations.shortName,Climate normals,1,Normales climatiques,1
normal.stations.qualifier,,1,,1
normal.monthly.fullName,Monthly climate observation summaries,1,Sommaires des observations climatiques mensuelles,1
normal.monthly.shortName,Monthly climate observation summaries,1,Sommaires des observations climatiques mensuelles,1
normal.monthly.qualifier,,1,,1
normal.daily.fullName,Daily climate observations,1,Observations climatiques quotidiennes,1
normal.daily.shortName,Daily climate observations,1,Observations climatiques quotidiennes,1
normal.daily.qualifier,,1,,1
normal.hourly.fullName,Hourly climate observations,1,Observations climatiques horaires,1
normal.hourly.shortName,Hourly climate observations,1,Observations climatiques horaires,1
normal.hourly.qualifier,,1,,1
normal.tmean.fullName,Mean temperature,1,Température moyenne,1
normal.tmean.shortName,Mean temperature,1,Température moyenne,1
normal.tmean.qualifier,,1,,1
normal.tmax.fullName,Daily maximum temperature,1,Température maximale quotidienne,1
normal.tmax.shortName,Daily maximum temperature,1,Température maximale quotidienne,1
normal.tmax.qualifier,,1,,1
normal.tmin.fullName,Daily minimum temperature,1,Température minimale quotidienne,1
normal.tmin.shortName,Daily minimum temperature,1,Température minimale quotidienne,1
normal.tmin.qualifier,,1,,1
normal.precip.fullName,Total precipitation,1,Précipitations totales,1
normal.precip.shortName,Total precipitation,1,Précipitations totales,1
normal.precip.qualifier,,1,,1
normal.stnpress.fullName,Average station pressure,1,Pression moyenne à la station,1
normal.stnpress.shortName,Average station pressure,1,Pression moyenne à la station,1
normal.stnpress.qualifier,,1,,1
normal.seapress.fullName,Average sea level pressure,1,Pression moyenne au niveau de la mer,1
normal.seapress.shortName,Average sea level pressure,1,Pression moyenne au niveau de la mer,1
normal.seapress.qualifier,,1,,1
normal.sfcwind.fullName,Wind speed,1,Vitesse du vent,1
normal.sfcwind.shortName,Wind speed,1,Vitesse du vent,1
normal.sfcwind.qualifier,,1,,1
normal.gustspeed.fullName,Maximum gust speed,1,Vitesse de la rafale maximale,1
normal.gustspeed.shortName,Maximum gust speed,1,Vitesse de la rafale maximale,1
normal.gustspeed.qualifier,,1,,1
normal.gustdir.fullName,Direction of maximum gust,1,Direction de la rafale maximale,1
normal.gustdir.shortName,Direction of maximum gust,1,Direction de la rafale maximale,1
normal.gustdir.qualifier,,1,,1
units.normal.tmean.shortName,°C,1,°C,1
units.normal.tmean.fullName,degrees Celsius,1,degrés Celsius,1
units.normal.tmax.shortName,°C,1,°C,1
units.normal.tmax.fullName,degrees Celsius,1,degrés Celsius,1
units.normal.tmin.shortName,°C,1,°C,1
units.normal.tmin.fullName,degrees Celsius,1,degrés Celsius,1
units.normal.precip.shortName,mm,1,mm,1
units.normal.precip.fullName,millimetres,1,millimètres,1
units.normal.sfcwind.shortName,km/h,1,km/h,1
units.normal.sfcwind.fullName,kilometres per hour,1,kilomètres à l'heure,1
units.normal.stnpress.shortName,kPa,1,kPa,1
units.normal.stnpress.fullName,kilopascal,1,kilopascal,1
units.normal.seapress.shortName,kPa,1,kPa,1
units.normal.seapress.fullName,kilopascal,1,kilopascal,1
units.normal.gustdir.shortName,,1,,1
units.normal.gustdir.fullName,,1,,1
units.normal.gustspeed.shortName,km/h,1,km/h,1
units.normal.gustspeed.fullName,kilometres per hour,1,kilomètres à l'heure,1
hydro.hydro.fullName,Hydrometric stations,1,Stations hydrométriques,1
hydro.hydro.shortName,Hydrometric stations,1,Stations hydrométriques,1
hydro.hydro.qualifier,,1,,1
ltce.tmaxh.fullName,Record High Max Temp,1,Records de Température Maximale la plus élevée,1
ltce.tmaxh.shortName,Record High Max Temp,1,Records de Température Maximale la plus élevée,1
ltce.tmaxh.qualifier,,1,,1
ltce.tminh.fullName,Record High Min Temp,1,Records de Température Minimale la plus élevée,1
ltce.tminh.shortName,Record High Min Temp,1,Records de Température Minimale la plus élevée,1
ltce.tminh.qualifier,,1,,1
ltce.tmaxl.fullName,Record Low Max Temp,1,Records de Température Maximale la plus basse,1
ltce.tmaxl.shortName,Record Low Max Temp,1,Records de Température Maximale la plus basse,1
ltce.tmaxl.qualifier,,1,,1
ltce.tminl.fullName,Record Low Min Temp,1,Records de Température Minimale la plus basse,1
ltce.tminl.shortName,Record Low Min Temp,1,Records de Température Minimale la plus basse,1
ltce.tminl.qualifier,,1,,1
ltce.precip.fullName,Record Precipitation,1,Records de Précipitations,1
ltce.precip.shortName,Record Precipitation,1,Records de Précipitations,1
ltce.precip.qualifier,,1,,1
ltce.snd.fullName,Record Snowfall,1,Records de Précipitations de Neige,1
ltce.snd.shortName,Record Snowfall,1,Records de Précipitations de Neige,1
ltce.snd.qualifier,,1,,1
ltce.tempstations.fullName,Temperature Extremes of Records,1,Records de Températures Extrêmes,1
ltce.tempstations.shortName,Temperature Extremes of Records,1,Records de Températures Extrêmes,1
ltce.tempstations.qualifier,,1,,1
ltce.tempstations.legend,Daily Maximum/Minimum Temperature Virtual Station,1,Station Climatologique Virtuelle  - Température Maximale/Minimale,1
ltce.precipstations.fullName,Precipitation Extremes of Records,1,Records de Précipitations Extrêmes,1
ltce.precipstations.shortName,Precipitation Extremes of Records,1,Records de Précipitations Extrêmes,1
ltce.precipstations.qualifier,,1,,1
ltce.precipstations.legend,Daily Precipitation Virtual Station,1,Station Climatologique Virtuelle  - Précipitation,1
ltce.snowstations.fullName,Snowfall Extremes of Records,1,Records de Neiges Extrêmes,1
ltce.snowstations.shortName,Snowfall Extremes of Records,1,Records de Neiges Extrêmes,1
ltce.snowstations.qualifier,,1,,1
ltce.snowstations.legend,Daily Snowfall Virtual Station,1,Station Climatologique Virtuelle  - Neige,1
ltce.legend.newRecord,New Record,1,Nouveau Record,0
units.ltce.tmaxh.shortName,°C,1,°C,1
units.ltce.tmaxh.fullName,degrees Celsius,1,degrés Celsius,1
units.ltce.tminh.shortName,°C,1,°C,1
units.ltce.tminh.fullName,degrees Celsius,1,degrés Celsius,1
units.ltce.tmaxl.shortName,°C,1,°C,1
units.ltce.tmaxl.fullName,degrees Celsius,1,degrés Celsius,1
units.ltce.tminl.shortName,°C,1,°C,1
units.ltce.tminl.fullName,degrees Celsius,1,degrés Celsius,1
units.ltce.precip.shortName,mm,1,mm,1
units.ltce.precip.fullName,millimetres,1,millimètres,1
units.ltce.snd.shortName,cm,1,cm,1
units.ltce.snd.fullName,centimetres,1,centimètres,1
spei.spei.fullName,Standardized Precipitation and Evapotranspiration Index (CLIENT CONTENT),1,Standardized Precipitation and Evapotranspiration Index (CLIENT CONTENT),0
spei.spei.shortName,Standardized Precipitation and Evapotranspiration Index (CLIENT CONTENT),1,Standardized Precipitation and Evapotranspiration Index (CLIENT CONTENT),0
spei.spei.qualifier,,1,,1
capa.rdpa6.shortName,6 hour precipitation,1,Précipitations sur 6 heures,1
capa.rdpa6.fullName,6 hour precipitation,1,Précipitations sur 6 heures,1
capa.rdpa6.qualifier,,1,,1
capa.rdpa24.shortName,24 hour precipitation,1,Précipitations sur 24 heures,1
capa.rdpa24.fullName,24 hour precipitation,1,Précipitations sur 24 heures,1
capa.rdpa24.qualifier,,1,,1
units.capa.rdpa6.shortName,mm,1,mm,1
units.capa.rdpa6.fullName,millimetres,1,millimètres,1
units.capa.rdpa24.shortName,mm,1,mm,1
units.capa.rdpa24.fullName,millimetres,1,millimètres,1
ahccd.tooltips.station_title,Station name,1,Nom de la station,1
ahccd.tooltips.value_title,Trend value,1,Valeur de la tendance,1
ahccd.tooltips.no_trend,No trend calculated,1,Aucune tendance calculée,1
normal.tooltips.station_id_title,MSC station ID,1,ID de la station du SMC,1
normal.tooltips.station_name_title,MSC station name,1,Nom de la station du SMC,1
normal.tooltips.value_title,Climate value,1,Valeur climatique,1
normal.tooltips.prov_title,Province/Territory,1,Province / Territoire,1
normal.tooltips.wmo_title,WMO identifier,1,Identifiant OMM,1
normal.tooltips.tc_title,TC identifier,1,Identifiant TC,1
ltce.tooltips.station_title,Virtual Station Name,1,Nom du Station Virtuelle,1
ltce.tooltips.value_title,Extreme value,1,Valeur extrême,1